name	remote_url	head_commit	branch_or_ref	head_date	notes
OpenBSW-Playground	https://github.com/Eclipse-SDV-HackFest-Esslingen-2026/OpenBSW-Playground	e22b9d1e778bcdc185b6e6e0c9e8084136ae1021	main	2026-04-28T16:30:42+02:00	shallow,submodules
acc-dco-hack-challenge	https://github.com/Eclipse-SDV-Hackathon-Accenture/dco-hack-challenge	284f1ff633358686fb3048af20fce8c0b7f53eb6	main	2023-11-28T00:03:06+01:00	shallow
acc-maestro-challenge	https://github.com/Eclipse-SDV-Hackathon-Accenture/maestro-challenge	0273a4a274fe9bacd85e85c5354dc36349e17a49	main	2023-11-29T20:37:22+01:00	shallow
ankaios	https://github.com/eclipse-ankaios/ankaios	696da8a61f1eac4071f3f82afd66f18d638b79ef	main	2026-10-02T10:22:35+02:00	shallow
ankaios-dashboard	https://github.com/eclipse-ankaios-dashboard/ankaios-dashboard	6c2e56d31b3e6d718687c046d08f9c362e1c473e	main	2025-09-19T12:03:24+02:00	shallow
automotive-image-builder	https://gitlab.com/CentOS/automotive/src/automotive-image-builder	e6f42f9cabc6bd816dc332d1b6454b1fd1357691	main	2026-09-29T12:44:36Z	shallow
bcx-dotgithub	https://github.com/Eclipse-SDV-Hackathon-BCX/.github	3f1788c1082b45b8feb1906f561f4953b5b6b1cb	main	2022-11-09T09:13:03+01:00	shallow
bcx-hack-the-truck	https://github.com/Eclipse-SDV-Hackathon-BCX/hackchallenge-hack-the-truck	6b5a6772aa9c6b19ca9fece66e29753bc4873121	main	2022-11-08T19:07:47+01:00	shallow
bcx-hackchallenge-control-vehicle-lights	https://github.com/Eclipse-SDV-Hackathon-BCX/hackchallenge-control-vehicle-lights	d37e827afe34415540c99a7ee63363775ca3d962	main	2022-11-07T18:05:55+01:00	shallow
bcx-hackchallenge-driving-score	https://github.com/Eclipse-SDV-Hackathon-BCX/hackchallenge-driving-score	a1a45279e8434980561d0a6cba62a73033963a8f	main	2022-11-08T13:38:31+01:00	shallow
bcx-hackchallenge-simulation	https://github.com/Eclipse-SDV-Hackathon-BCX/hackchallenge-simulation	967edf9e4ebc2f1014926578dcc62a388c825f49	main	2022-11-07T09:14:19+01:00	shallow
companion-application	https://github.com/eclipse-sdv-blueprints/companion-application	2521528afde21de184773222906d13a7071f5be6	main	2026-05-26T11:45:11+02:00	shallow
e2e-vehicle-signals	https://github.com/eclipse-sdv-blueprints/e2e-vehicle-signals	71c68cc5d0bf3a3b42bf39400affc685940e7b56	main	2026-09-07T12:40:49+02:00	shallow,submodules
eclipse-autosd	https://github.com/eclipse-autosd/eclipse-autosd	dd8e007c5e9d843a57237d45e9e77cb43149ab14	main	2026-10-02T12:09:48-03:00	shallow
eclipse-sdv-autosd	https://gitlab.com/CentOS/automotive/autosd-image-eclipse-sdv	40b7a434b6af49242f2bbab687a1be84be01eabc	main	2025-12-05T14:43:49Z	shallow
feo	https://github.com/eclipse-score/feo	16c4fefaf466876fc1d8b6909ad8d5c09885dbf4	main	2026-08-09T13:10:06+02:00	shallow
fleet-management	https://github.com/eclipse-sdv-blueprints/fleet-management	6bc91a20e04614f3568dc6046f5b1ee8e21566f6	main	2026-09-24T16:55:14+02:00	shallow
hackathon-ch4-dotgithub	https://github.com/Eclipse-SDV-Hackathon-Chapter-Four/.github	c7af56b19be4813f58370141747ae473212a1ce5	main	2026-08-28T11:53:49+02:00	shallow
hackfest-OpenBSW-Playground	https://github.com/Eclipse-SDV-HackFest-Esslingen-2026/OpenBSW-Playground	e22b9d1e778bcdc185b6e6e0c9e8084136ae1021	main	2026-04-28T16:30:42+02:00	shallow,submodules
hackfest-eb_corbos_toolkit-hackfest	https://github.com/Eclipse-SDV-HackFest-Esslingen-2026/eb_corbos_toolkit-hackfest	87c741f583888985e660e3e1a71d70e79d31543e	main	2026-03-25T14:21:54Z	shallow
hackfest-eclipse-score_inc_diagnostics	https://github.com/Eclipse-SDV-HackFest-Esslingen-2026/eclipse-score_inc_diagnostics	3635a79b86a6a9dacf8b2b4138aa31bbd5674f84	main	2025-10-27T18:58:58Z	shallow
hackfest-eclipse-score_reference_integration	https://github.com/Eclipse-SDV-HackFest-Esslingen-2026/eclipse-score_reference_integration	3c843821b8e055372e87ea3aff6ac84b53e903ea	main	2026-04-24T15:02:00+02:00	shallow
hackfest-hackfest-docs	https://github.com/Eclipse-SDV-HackFest-Esslingen-2026/hackfest-docs	d86aebc362aeb43f3e94984699f4c8bbb82037ef	main	2026-05-04T09:40:36+02:00	shallow
hackfest-openDuT-playground	https://github.com/Eclipse-SDV-HackFest-Esslingen-2026/openDuT-playground	421c257bf13b1c9887cf0b0763d6afdc42f21982	main	2026-04-30T09:10:31+02:00	shallow
hc2-APT	https://github.com/Eclipse-SDV-Hackathon-Chapter-Two/APT	582e049653652fb556bb5439bff712196a8dbd93	main	2024-11-22T05:34:51+01:00	shallow,submodules
hc2-FEVio	https://github.com/Eclipse-SDV-Hackathon-Chapter-Two/FEVio	6a64c7753e3fcc602fcdb5cae1af7acf827b09d9	main	2024-11-22T07:46:24+01:00	shallow,submodules
hc2-challenge-maestro	https://github.com/Eclipse-SDV-Hackathon-Chapter-Two/challenge-maestro	6bf53010a653abaf6f22bde1b652ae75fd24f13c	main	2024-11-20T17:24:55+01:00	shallow
hc2-challenge-play-by-wire	https://github.com/Eclipse-SDV-Hackathon-Chapter-Two/challenge-play-by-wire	46a7787fc7b3d1aa706cfa1ee3db9f142512b98b	main	2024-11-21T20:15:42+01:00	shallow
hc2-challenge-sdv-coding-companion	https://github.com/Eclipse-SDV-Hackathon-Chapter-Two/challenge-sdv-coding-companion	ea274918aefaa4dec8ff8001bfc52e311bde5850	main	2024-11-19T15:42:41+01:00	shallow
hc2-challenge-shift-to-sdv	https://github.com/Eclipse-SDV-Hackathon-Chapter-Two/challenge-shift-to-sdv	a3a3308411c54da278b2bbccedde703f260703da	main	2024-11-20T20:47:08+01:00	shallow
hc2-challenge-sunken-kitchen	https://github.com/Eclipse-SDV-Hackathon-Chapter-Two/challenge-sunken-kitchen	0be22f6e7263e536a53950d075ba85f534701924	main	2024-11-20T06:14:30-03:00	shallow
hc2-challenge-threadx-and-beyond	https://github.com/Eclipse-SDV-Hackathon-Chapter-Two/challenge-threadx-and-beyond	7c521c90037c6d75a461b395c5cce145e8f75588	main	2025-01-20T10:09:18-05:00	shallow,submodules
hc3-A-kiki	https://github.com/Eclipse-SDV-Hackathon-Chapter-Three/A-kiki	17608b6b68cab60e57a5d4ada555b7d9b80ef459	main	2025-10-02T12:32:06+02:00	shallow
hc3-ArBytesMoral	https://github.com/Eclipse-SDV-Hackathon-Chapter-Three/ArBytesMoral	604d390c3731235e2cfd8b86fda0c25f02ab9171	main	2025-10-09T14:32:05+02:00	shallow,submodules
hc3-COOTA	https://github.com/Eclipse-SDV-Hackathon-Chapter-Three/COOTA	95d141dedaf234849a90932d23a97dd9c33450e7	main	2025-10-02T10:08:59+01:00	shallow
hc3-LastManStanding	https://github.com/Eclipse-SDV-Hackathon-Chapter-Three/LastManStanding	2517259d89176cd4bf7d7669ef930d0e16ae6280	main	2025-10-09T09:56:27+02:00	shallow
hc3-MegaBosses	https://github.com/Eclipse-SDV-Hackathon-Chapter-Three/MegaBosses	c54dc8f2164cf696b5005088beeea07057d7c489	main	2025-10-02T11:25:07+01:00	shallow
hc3-SDVenturers	https://github.com/Eclipse-SDV-Hackathon-Chapter-Three/SDVenturers	177733c867576cb5cb1d147df05acca9a21e69a8	main	2025-10-03T11:35:38+02:00	shallow,submodules
hc3-SolutionPlan_Template	https://github.com/Eclipse-SDV-Hackathon-Chapter-Three/SolutionPlan_Template	cb41719245658da7fde5f7ea1e3971291f8a6741	main	2025-09-24T16:49:05+02:00	shallow
hc3-TheBigRanch	https://github.com/Eclipse-SDV-Hackathon-Chapter-Three/TheBigRanch	42470b2f74946d11f067da707485d9a5291f92ec	main	2025-10-02T12:53:14+01:00	shallow
hc3-challenge-mission-update-possible	https://github.com/Eclipse-SDV-Hackathon-Chapter-Three/challenge-mission-update-possible	8f3dfff78da4517a4d7b92309dec1dce1480f069	main	2025-10-27T09:10:14+01:00	shallow
hc3-side-challenges	https://github.com/Eclipse-SDV-Hackathon-Chapter-Three/side-challenges	b658812655069cf59c1a9eec0a790da939b21041	main	2025-09-22T18:11:39+02:00	shallow
iceoryx2	https://github.com/eclipse-iceoryx/iceoryx2	ae9be314cba3e91a11bbb0df920b41d2024c5e8d	main	2026-10-02T17:16:00+02:00	shallow
inc_os_autosd	https://github.com/eclipse-score/inc_os_autosd	16235221ac4248c2c11bfa5141dbfa22733f7a96	main	2026-09-28T11:25:04-03:00	shallow
kuksa-databroker	https://github.com/eclipse-kuksa/kuksa-databroker	7a210d01fd00a8035cf68c05336bd0860777e892	main	2026-09-18T21:08:12+02:00	shallow,submodules
kuksa-proto	https://github.com/eclipse-kuksa/kuksa-proto	28bf76ae57085dad425eedd95bc7bd442e1314a7	main	2026-08-25T11:51:49+02:00	shallow
kuksa-python-sdk	https://github.com/eclipse-kuksa/kuksa-python-sdk	08a6ec5c1906e805caca968c895c8dd4122afc6a	main	2026-08-26T13:52:58+02:00	shallow,submodules
openbsw	https://github.com/eclipse-openbsw/openbsw	9b949941497362c11325f7086c2d04509fa206b8	main	2026-10-02T12:38:10+02:00	shallow
opendut	https://github.com/eclipse-opendut/opendut	a2447d876905d3293577f360af877229ca989017	main	2026-07-17T09:05:37+02:00	shallow
opendut-playground	https://github.com/Eclipse-SDV-HackFest-Esslingen-2026/openDuT-playground	421c257bf13b1c9887cf0b0763d6afdc42f21982	main	2026-04-30T09:10:31+02:00	shallow
opensovd-cda	https://github.com/eclipse-opensovd/classic-diagnostic-adapter	e6f4b8fe2c54b9bd8021e0c863d4037faf8747ec	main	2026-10-02T23:42:13+02:00	shallow
opensovd-core	https://github.com/eclipse-opensovd/opensovd-core	e25fa30d1bdcb6726e3b4c4ec5d683b783e7c1af	main	2026-10-02T10:53:06+02:00	shallow
opensovd-demo	https://github.com/eclipse-opensovd/demo	bd0f79ee13ca79e7915243d9177cecac5247f4c7	main	2026-04-28T09:01:02+02:00	shallow,submodules
opensovd-fault-lib	https://github.com/eclipse-opensovd/fault-lib	12dac502616701734f90a61edca1326ae2ac6506	main	2026-10-01T12:57:54+02:00	shallow
opensovd-main	https://github.com/eclipse-opensovd/opensovd	e769a390156984afd5b540a6001570e96fd765a7	main	2026-06-29T15:33:54+02:00	shallow
s-core-communication	https://github.com/eclipse-score/communication.git	0345d84f51aef3af0dd55dcb84279abc9e0bb131	main	2026-10-02T17:00:26Z	shallow
s-core-hackfest-reference_integration	https://github.com/Eclipse-SDV-HackFest-Esslingen-2026/eclipse-score_reference_integration.git	3c843821b8e055372e87ea3aff6ac84b53e903ea	main	2026-04-24T15:02:00+02:00	shallow
s-core-orchestrator	https://github.com/eclipse-score/orchestrator.git	749c11371a9d039ebf5f563153524109e2867477	main	2026-09-03T09:25:18+03:00	shallow
s-core-reference_integration	https://github.com/eclipse-score/reference_integration.git	ecb06e668980e54fd2bdebb34c35ae69b206544e	main	2026-10-01T16:29:10+02:00	shallow
s-core-score	https://github.com/eclipse-score/score.git	13c8313276e069861844afaf9842877b977d8507	main	2026-10-02T16:36:02+02:00	shallow
sample-images	https://gitlab.com/CentOS/automotive/sample-images	d6c1efef108ec912929daf15b5e5fc86a880f64a	main	2026-05-06T12:34:54Z	shallow,submodules
sdv_lab	https://github.com/Eclipse-SDV-Hackathon-Chapter-Three/sdv_lab	849444a8b149556c20fe8afd54c25e8eac0c8cf1	main	2025-10-01T12:58:05+02:00	shallow
service-to-signal	https://github.com/eclipse-sdv-blueprints/service-to-signal	32f9ec1f34be725cceb67af669defcf02dd05482	main	2025-12-04T12:06:33+01:00	shallow,submodules
software-orchestration	https://github.com/eclipse-sdv-blueprints/software-orchestration	0a417851000893d1bbd0ad7d487722bcc88d7559	main	2025-01-20T11:37:40+01:00	shallow
software-orchestration-blueprint	https://github.com/eclipse-sdv-blueprints/software-orchestration	0a417851000893d1bbd0ad7d487722bcc88d7559	main	2025-01-20T11:37:40+01:00	shallow
up-rust	https://github.com/eclipse-uprotocol/up-rust	27e4ce62084459c28f9f7e3cc803c8b87725b7cc	main	2026-09-30T15:07:19+02:00	shallow,submodules
up-spec	https://github.com/eclipse-uprotocol/up-spec	c89dc485abfa8ea84ea2912e644ddbf6c186ad8a	main	2026-09-22T16:51:20+02:00	shallow
up-streamer-rust	https://github.com/eclipse-uprotocol/up-streamer-rust	4e01e894513a1b7b23349de58d38ebd2faa1d83c	main	2026-02-23T08:00:10-05:00	shallow
up-transport-iceoryx2-rust	https://github.com/eclipse-uprotocol/up-transport-iceoryx2-rust	1935267bc9f1625457ba6c1b0a1636f7dc5e3b6e	main	2025-10-29T14:19:41-04:00	shallow
up-transport-zenoh-rust	https://github.com/eclipse-uprotocol/up-transport-zenoh-rust	1ebc37b1fc457bdd79ec94ef65b75d901dda577a	main	2026-08-13T19:02:37+08:00	shallow,submodules
vehicle_signal_specification	https://github.com/COVESA/vehicle_signal_specification	923692329b46bd70cda88137030b662af2765770	master	2026-09-29T16:15:17+02:00	shallow,submodules
vss-tools	https://github.com/COVESA/vss-tools	5e218568a7d1b6e06ab960d6ab94fcc3927b9843	master	2026-09-29T16:11:36+02:00	shallow
zenoh	https://github.com/eclipse-zenoh/zenoh	173b1220c2ab59cc22c82bfc6c95ac9971ff213b	main	2026-10-02T00:39:50+02:00	shallow
